"","term","gene"
"1","GOBP_DNA_DAMAGE_RESPONSE","4930415L06Rik"
"2","GOBP_DNA_DAMAGE_RESPONSE","4930447C04Rik"
"3","GOBP_DNA_DAMAGE_RESPONSE","4932429P05Rik"
"4","GOBP_DNA_DAMAGE_RESPONSE","Abl1"
"5","GOBP_DNA_DAMAGE_RESPONSE","Abraxas1"
"6","GOBP_DNA_DAMAGE_RESPONSE","Acd"
"7","GOBP_DNA_DAMAGE_RESPONSE","Acer2"
"8","GOBP_DNA_DAMAGE_RESPONSE","Ackr3"
"9","GOBP_DNA_DAMAGE_RESPONSE","Actb"
"10","GOBP_DNA_DAMAGE_RESPONSE","Actl6a"
"11","GOBP_DNA_DAMAGE_RESPONSE","Actl6b"
"12","GOBP_DNA_DAMAGE_RESPONSE","Actr2"
"13","GOBP_DNA_DAMAGE_RESPONSE","Actr5"
"14","GOBP_DNA_DAMAGE_RESPONSE","Actr8"
"15","GOBP_DNA_DAMAGE_RESPONSE","Adprs"
"16","GOBP_DNA_DAMAGE_RESPONSE","Aen"
"17","GOBP_DNA_DAMAGE_RESPONSE","Aim2"
"18","GOBP_DNA_DAMAGE_RESPONSE","Akt1"
"19","GOBP_DNA_DAMAGE_RESPONSE","Alkbh1"
"20","GOBP_DNA_DAMAGE_RESPONSE","Alkbh2"
"21","GOBP_DNA_DAMAGE_RESPONSE","Alkbh3"
"22","GOBP_DNA_DAMAGE_RESPONSE","Alkbh7"
"23","GOBP_DNA_DAMAGE_RESPONSE","Alkbh8"
"24","GOBP_DNA_DAMAGE_RESPONSE","Ankle1"
"25","GOBP_DNA_DAMAGE_RESPONSE","Ankrd1"
"26","GOBP_DNA_DAMAGE_RESPONSE","Ap5s1"
"27","GOBP_DNA_DAMAGE_RESPONSE","Ap5z1"
"28","GOBP_DNA_DAMAGE_RESPONSE","Apbb1"
"29","GOBP_DNA_DAMAGE_RESPONSE","Apc"
"30","GOBP_DNA_DAMAGE_RESPONSE","Apex1"
"31","GOBP_DNA_DAMAGE_RESPONSE","Apex2"
"32","GOBP_DNA_DAMAGE_RESPONSE","Aplf"
"33","GOBP_DNA_DAMAGE_RESPONSE","Aptx"
"34","GOBP_DNA_DAMAGE_RESPONSE","Arid1a"
"35","GOBP_DNA_DAMAGE_RESPONSE","Arid1b"
"36","GOBP_DNA_DAMAGE_RESPONSE","Arid2"
"37","GOBP_DNA_DAMAGE_RESPONSE","Armt1"
"38","GOBP_DNA_DAMAGE_RESPONSE","Ascc1"
"39","GOBP_DNA_DAMAGE_RESPONSE","Ascc2"
"40","GOBP_DNA_DAMAGE_RESPONSE","Ascc3"
"41","GOBP_DNA_DAMAGE_RESPONSE","Asf1a"
"42","GOBP_DNA_DAMAGE_RESPONSE","Ash2l"
"43","GOBP_DNA_DAMAGE_RESPONSE","Atad5"
"44","GOBP_DNA_DAMAGE_RESPONSE","Atf2"
"45","GOBP_DNA_DAMAGE_RESPONSE","Atm"
"46","GOBP_DNA_DAMAGE_RESPONSE","Atmin"
"47","GOBP_DNA_DAMAGE_RESPONSE","Atr"
"48","GOBP_DNA_DAMAGE_RESPONSE","Atrip"
"49","GOBP_DNA_DAMAGE_RESPONSE","Atrx"
"50","GOBP_DNA_DAMAGE_RESPONSE","Atxn7"
"51","GOBP_DNA_DAMAGE_RESPONSE","Atxn7l3"
"52","GOBP_DNA_DAMAGE_RESPONSE","Aunip"
"53","GOBP_DNA_DAMAGE_RESPONSE","Axin2"
"54","GOBP_DNA_DAMAGE_RESPONSE","Babam1"
"55","GOBP_DNA_DAMAGE_RESPONSE","Babam2"
"56","GOBP_DNA_DAMAGE_RESPONSE","Bach1"
"57","GOBP_DNA_DAMAGE_RESPONSE","Bad"
"58","GOBP_DNA_DAMAGE_RESPONSE","Bag6"
"59","GOBP_DNA_DAMAGE_RESPONSE","Bak1"
"60","GOBP_DNA_DAMAGE_RESPONSE","Bard1"
"61","GOBP_DNA_DAMAGE_RESPONSE","Batf"
"62","GOBP_DNA_DAMAGE_RESPONSE","Bax"
"63","GOBP_DNA_DAMAGE_RESPONSE","Baz1b"
"64","GOBP_DNA_DAMAGE_RESPONSE","Bbc3"
"65","GOBP_DNA_DAMAGE_RESPONSE","BC055324"
"66","GOBP_DNA_DAMAGE_RESPONSE","Bccip"
"67","GOBP_DNA_DAMAGE_RESPONSE","Bcl2"
"68","GOBP_DNA_DAMAGE_RESPONSE","Bcl2a1a"
"69","GOBP_DNA_DAMAGE_RESPONSE","Bcl2a1b"
"70","GOBP_DNA_DAMAGE_RESPONSE","Bcl2a1c"
"71","GOBP_DNA_DAMAGE_RESPONSE","Bcl2a1d"
"72","GOBP_DNA_DAMAGE_RESPONSE","Bcl2l1"
"73","GOBP_DNA_DAMAGE_RESPONSE","Bcl2l10"
"74","GOBP_DNA_DAMAGE_RESPONSE","Bcl2l11"
"75","GOBP_DNA_DAMAGE_RESPONSE","Bcl2l12"
"76","GOBP_DNA_DAMAGE_RESPONSE","Bcl2l2"
"77","GOBP_DNA_DAMAGE_RESPONSE","Bcl3"
"78","GOBP_DNA_DAMAGE_RESPONSE","Bcl6"
"79","GOBP_DNA_DAMAGE_RESPONSE","Bcl7a"
"80","GOBP_DNA_DAMAGE_RESPONSE","Bcl7b"
"81","GOBP_DNA_DAMAGE_RESPONSE","Bcl7c"
"82","GOBP_DNA_DAMAGE_RESPONSE","Bclaf1"
"83","GOBP_DNA_DAMAGE_RESPONSE","Bid"
"84","GOBP_DNA_DAMAGE_RESPONSE","Blm"
"85","GOBP_DNA_DAMAGE_RESPONSE","Bmyc"
"86","GOBP_DNA_DAMAGE_RESPONSE","Bod1l"
"87","GOBP_DNA_DAMAGE_RESPONSE","Bok"
"88","GOBP_DNA_DAMAGE_RESPONSE","Brat1"
"89","GOBP_DNA_DAMAGE_RESPONSE","Brca1"
"90","GOBP_DNA_DAMAGE_RESPONSE","Brca2"
"91","GOBP_DNA_DAMAGE_RESPONSE","Brcc3"
"92","GOBP_DNA_DAMAGE_RESPONSE","Brcc3dc"
"93","GOBP_DNA_DAMAGE_RESPONSE","Brd4"
"94","GOBP_DNA_DAMAGE_RESPONSE","Brd7"
"95","GOBP_DNA_DAMAGE_RESPONSE","Brd8"
"96","GOBP_DNA_DAMAGE_RESPONSE","Brip1"
"97","GOBP_DNA_DAMAGE_RESPONSE","Brme1"
"98","GOBP_DNA_DAMAGE_RESPONSE","Brsk1"
"99","GOBP_DNA_DAMAGE_RESPONSE","Btg2"
"100","GOBP_DNA_DAMAGE_RESPONSE","Casp2"
"101","GOBP_DNA_DAMAGE_RESPONSE","Casp3"
"102","GOBP_DNA_DAMAGE_RESPONSE","Casp9"
"103","GOBP_DNA_DAMAGE_RESPONSE","Cbx1"
"104","GOBP_DNA_DAMAGE_RESPONSE","Cbx3"
"105","GOBP_DNA_DAMAGE_RESPONSE","Cbx5"
"106","GOBP_DNA_DAMAGE_RESPONSE","Cbx8"
"107","GOBP_DNA_DAMAGE_RESPONSE","Ccar2"
"108","GOBP_DNA_DAMAGE_RESPONSE","Ccdc117"
"109","GOBP_DNA_DAMAGE_RESPONSE","Ccdc13"
"110","GOBP_DNA_DAMAGE_RESPONSE","Ccnd1"
"111","GOBP_DNA_DAMAGE_RESPONSE","Ccng1"
"112","GOBP_DNA_DAMAGE_RESPONSE","Ccnk"
"113","GOBP_DNA_DAMAGE_RESPONSE","Cd44"
"114","GOBP_DNA_DAMAGE_RESPONSE","Cd74"
"115","GOBP_DNA_DAMAGE_RESPONSE","Cdc14b"
"116","GOBP_DNA_DAMAGE_RESPONSE","Cdc45"
"117","GOBP_DNA_DAMAGE_RESPONSE","Cdc5l"
"118","GOBP_DNA_DAMAGE_RESPONSE","Cdc7"
"119","GOBP_DNA_DAMAGE_RESPONSE","Cdca5"
"120","GOBP_DNA_DAMAGE_RESPONSE","Cdip1"
"121","GOBP_DNA_DAMAGE_RESPONSE","Cdk1"
"122","GOBP_DNA_DAMAGE_RESPONSE","Cdk2"
"123","GOBP_DNA_DAMAGE_RESPONSE","Cdk5"
"124","GOBP_DNA_DAMAGE_RESPONSE","Cdk5rap3"
"125","GOBP_DNA_DAMAGE_RESPONSE","Cdk6"
"126","GOBP_DNA_DAMAGE_RESPONSE","Cdk7"
"127","GOBP_DNA_DAMAGE_RESPONSE","Cdk9"
"128","GOBP_DNA_DAMAGE_RESPONSE","Cdkn1a"
"129","GOBP_DNA_DAMAGE_RESPONSE","Cdkn2a"
"130","GOBP_DNA_DAMAGE_RESPONSE","Cdkn2aip"
"131","GOBP_DNA_DAMAGE_RESPONSE","Cdkn2d"
"132","GOBP_DNA_DAMAGE_RESPONSE","Cdkn3"
"133","GOBP_DNA_DAMAGE_RESPONSE","Cebpg"
"134","GOBP_DNA_DAMAGE_RESPONSE","Cenps"
"135","GOBP_DNA_DAMAGE_RESPONSE","Cenpx"
"136","GOBP_DNA_DAMAGE_RESPONSE","Cep164"
"137","GOBP_DNA_DAMAGE_RESPONSE","Cep63"
"138","GOBP_DNA_DAMAGE_RESPONSE","Cetn1"
"139","GOBP_DNA_DAMAGE_RESPONSE","Cetn2"
"140","GOBP_DNA_DAMAGE_RESPONSE","Cetn4"
"141","GOBP_DNA_DAMAGE_RESPONSE","Cfap410"
"142","GOBP_DNA_DAMAGE_RESPONSE","Cgas"
"143","GOBP_DNA_DAMAGE_RESPONSE","Chaf1a"
"144","GOBP_DNA_DAMAGE_RESPONSE","Chaf1b"
"145","GOBP_DNA_DAMAGE_RESPONSE","Chchd4"
"146","GOBP_DNA_DAMAGE_RESPONSE","Chchd6"
"147","GOBP_DNA_DAMAGE_RESPONSE","Chd1l"
"148","GOBP_DNA_DAMAGE_RESPONSE","Chd2"
"149","GOBP_DNA_DAMAGE_RESPONSE","Chd4"
"150","GOBP_DNA_DAMAGE_RESPONSE","Chek1"
"151","GOBP_DNA_DAMAGE_RESPONSE","Chek2"
"152","GOBP_DNA_DAMAGE_RESPONSE","Chrna4"
"153","GOBP_DNA_DAMAGE_RESPONSE","Cib1"
"154","GOBP_DNA_DAMAGE_RESPONSE","Cinp"
"155","GOBP_DNA_DAMAGE_RESPONSE","Clock"
"156","GOBP_DNA_DAMAGE_RESPONSE","Clspn"
"157","GOBP_DNA_DAMAGE_RESPONSE","Clu"
"158","GOBP_DNA_DAMAGE_RESPONSE","Commd1"
"159","GOBP_DNA_DAMAGE_RESPONSE","Cops3"
"160","GOBP_DNA_DAMAGE_RESPONSE","Cradd"
"161","GOBP_DNA_DAMAGE_RESPONSE","Creb3l1"
"162","GOBP_DNA_DAMAGE_RESPONSE","Crip1"
"163","GOBP_DNA_DAMAGE_RESPONSE","Cry1"
"164","GOBP_DNA_DAMAGE_RESPONSE","Ctc1"
"165","GOBP_DNA_DAMAGE_RESPONSE","Ctla4"
"166","GOBP_DNA_DAMAGE_RESPONSE","Cul4a"
"167","GOBP_DNA_DAMAGE_RESPONSE","Cul4b"
"168","GOBP_DNA_DAMAGE_RESPONSE","Cxcl12"
"169","GOBP_DNA_DAMAGE_RESPONSE","Cyren"
"170","GOBP_DNA_DAMAGE_RESPONSE","D7Ertd443e"
"171","GOBP_DNA_DAMAGE_RESPONSE","Dclre1a"
"172","GOBP_DNA_DAMAGE_RESPONSE","Dclre1b"
"173","GOBP_DNA_DAMAGE_RESPONSE","Dclre1c"
"174","GOBP_DNA_DAMAGE_RESPONSE","Dcun1d5"
"175","GOBP_DNA_DAMAGE_RESPONSE","Ddb1"
"176","GOBP_DNA_DAMAGE_RESPONSE","Ddb2"
"177","GOBP_DNA_DAMAGE_RESPONSE","Ddias"
"178","GOBP_DNA_DAMAGE_RESPONSE","Ddit4"
"179","GOBP_DNA_DAMAGE_RESPONSE","Ddx1"
"180","GOBP_DNA_DAMAGE_RESPONSE","Ddx11"
"181","GOBP_DNA_DAMAGE_RESPONSE","Ddx39b"
"182","GOBP_DNA_DAMAGE_RESPONSE","Ddx5"
"183","GOBP_DNA_DAMAGE_RESPONSE","Dek"
"184","GOBP_DNA_DAMAGE_RESPONSE","Dgkz"
"185","GOBP_DNA_DAMAGE_RESPONSE","Dhx9"
"186","GOBP_DNA_DAMAGE_RESPONSE","Dmap1"
"187","GOBP_DNA_DAMAGE_RESPONSE","Dmc1"
"188","GOBP_DNA_DAMAGE_RESPONSE","Dna2"
"189","GOBP_DNA_DAMAGE_RESPONSE","Dntt"
"190","GOBP_DNA_DAMAGE_RESPONSE","Donson"
"191","GOBP_DNA_DAMAGE_RESPONSE","Dot1l"
"192","GOBP_DNA_DAMAGE_RESPONSE","Dpf1"
"193","GOBP_DNA_DAMAGE_RESPONSE","Dpf2"
"194","GOBP_DNA_DAMAGE_RESPONSE","Dpf3"
"195","GOBP_DNA_DAMAGE_RESPONSE","Dtl"
"196","GOBP_DNA_DAMAGE_RESPONSE","Dtx3l"
"197","GOBP_DNA_DAMAGE_RESPONSE","Dyrk1a"
"198","GOBP_DNA_DAMAGE_RESPONSE","Dyrk1b"
"199","GOBP_DNA_DAMAGE_RESPONSE","Dyrk2"
"200","GOBP_DNA_DAMAGE_RESPONSE","Dyrk3"
"201","GOBP_DNA_DAMAGE_RESPONSE","E2f1"
"202","GOBP_DNA_DAMAGE_RESPONSE","E2f7"
"203","GOBP_DNA_DAMAGE_RESPONSE","Eef1e1"
"204","GOBP_DNA_DAMAGE_RESPONSE","Eepd1"
"205","GOBP_DNA_DAMAGE_RESPONSE","Egfr"
"206","GOBP_DNA_DAMAGE_RESPONSE","Egln3"
"207","GOBP_DNA_DAMAGE_RESPONSE","Ei24"
"208","GOBP_DNA_DAMAGE_RESPONSE","Eid3"
"209","GOBP_DNA_DAMAGE_RESPONSE","Eif2ak4"
"210","GOBP_DNA_DAMAGE_RESPONSE","Ell3"
"211","GOBP_DNA_DAMAGE_RESPONSE","Eme1"
"212","GOBP_DNA_DAMAGE_RESPONSE","Eme2"
"213","GOBP_DNA_DAMAGE_RESPONSE","Emsy"
"214","GOBP_DNA_DAMAGE_RESPONSE","Endog"
"215","GOBP_DNA_DAMAGE_RESPONSE","Endov"
"216","GOBP_DNA_DAMAGE_RESPONSE","Eny2"
"217","GOBP_DNA_DAMAGE_RESPONSE","Ep300"
"218","GOBP_DNA_DAMAGE_RESPONSE","Ep400"
"219","GOBP_DNA_DAMAGE_RESPONSE","Epc1"
"220","GOBP_DNA_DAMAGE_RESPONSE","Epc2"
"221","GOBP_DNA_DAMAGE_RESPONSE","Epha2"
"222","GOBP_DNA_DAMAGE_RESPONSE","Ercc1"
"223","GOBP_DNA_DAMAGE_RESPONSE","Ercc2"
"224","GOBP_DNA_DAMAGE_RESPONSE","Ercc3"
"225","GOBP_DNA_DAMAGE_RESPONSE","Ercc4"
"226","GOBP_DNA_DAMAGE_RESPONSE","Ercc5"
"227","GOBP_DNA_DAMAGE_RESPONSE","Ercc6"
"228","GOBP_DNA_DAMAGE_RESPONSE","Ercc6l2"
"229","GOBP_DNA_DAMAGE_RESPONSE","Ercc8"
"230","GOBP_DNA_DAMAGE_RESPONSE","Esco2"
"231","GOBP_DNA_DAMAGE_RESPONSE","Etaa1"
"232","GOBP_DNA_DAMAGE_RESPONSE","Exd2"
"233","GOBP_DNA_DAMAGE_RESPONSE","Exo1"
"234","GOBP_DNA_DAMAGE_RESPONSE","Exo5"
"235","GOBP_DNA_DAMAGE_RESPONSE","Eya1"
"236","GOBP_DNA_DAMAGE_RESPONSE","Eya2"
"237","GOBP_DNA_DAMAGE_RESPONSE","Eya3"
"238","GOBP_DNA_DAMAGE_RESPONSE","Eya4"
"239","GOBP_DNA_DAMAGE_RESPONSE","Faap100"
"240","GOBP_DNA_DAMAGE_RESPONSE","Faap20"
"241","GOBP_DNA_DAMAGE_RESPONSE","Faap24"
"242","GOBP_DNA_DAMAGE_RESPONSE","Fam111a"
"243","GOBP_DNA_DAMAGE_RESPONSE","Fam168a"
"244","GOBP_DNA_DAMAGE_RESPONSE","Fan1"
"245","GOBP_DNA_DAMAGE_RESPONSE","Fanca"
"246","GOBP_DNA_DAMAGE_RESPONSE","Fancb"
"247","GOBP_DNA_DAMAGE_RESPONSE","Fancc"
"248","GOBP_DNA_DAMAGE_RESPONSE","Fancd2"
"249","GOBP_DNA_DAMAGE_RESPONSE","Fancf"
"250","GOBP_DNA_DAMAGE_RESPONSE","Fancg"
"251","GOBP_DNA_DAMAGE_RESPONSE","Fanci"
"252","GOBP_DNA_DAMAGE_RESPONSE","Fancl"
"253","GOBP_DNA_DAMAGE_RESPONSE","Fancm"
"254","GOBP_DNA_DAMAGE_RESPONSE","Fbh1"
"255","GOBP_DNA_DAMAGE_RESPONSE","Fbxo31"
"256","GOBP_DNA_DAMAGE_RESPONSE","Fbxo4"
"257","GOBP_DNA_DAMAGE_RESPONSE","Fbxo45"
"258","GOBP_DNA_DAMAGE_RESPONSE","Fbxo5"
"259","GOBP_DNA_DAMAGE_RESPONSE","Fbxo6"
"260","GOBP_DNA_DAMAGE_RESPONSE","Fbxw7"
"261","GOBP_DNA_DAMAGE_RESPONSE","Fem1b"
"262","GOBP_DNA_DAMAGE_RESPONSE","Fen1"
"263","GOBP_DNA_DAMAGE_RESPONSE","Fgf10"
"264","GOBP_DNA_DAMAGE_RESPONSE","Fh1"
"265","GOBP_DNA_DAMAGE_RESPONSE","Fignl1"
"266","GOBP_DNA_DAMAGE_RESPONSE","Flywch1"
"267","GOBP_DNA_DAMAGE_RESPONSE","Fmn2"
"268","GOBP_DNA_DAMAGE_RESPONSE","Fmr1"
"269","GOBP_DNA_DAMAGE_RESPONSE","Fnip2"
"270","GOBP_DNA_DAMAGE_RESPONSE","Foxm1"
"271","GOBP_DNA_DAMAGE_RESPONSE","Foxn3"
"272","GOBP_DNA_DAMAGE_RESPONSE","Foxo1"
"273","GOBP_DNA_DAMAGE_RESPONSE","Foxo3"
"274","GOBP_DNA_DAMAGE_RESPONSE","Foxo4"
"275","GOBP_DNA_DAMAGE_RESPONSE","Foxp1"
"276","GOBP_DNA_DAMAGE_RESPONSE","Fto"
"277","GOBP_DNA_DAMAGE_RESPONSE","Fus"
"278","GOBP_DNA_DAMAGE_RESPONSE","Fzr1"
"279","GOBP_DNA_DAMAGE_RESPONSE","Gadd45a"
"280","GOBP_DNA_DAMAGE_RESPONSE","Gen1"
"281","GOBP_DNA_DAMAGE_RESPONSE","Ggn"
"282","GOBP_DNA_DAMAGE_RESPONSE","Gigyf2"
"283","GOBP_DNA_DAMAGE_RESPONSE","Gins2"
"284","GOBP_DNA_DAMAGE_RESPONSE","Gins4"
"285","GOBP_DNA_DAMAGE_RESPONSE","Gm32717"
"286","GOBP_DNA_DAMAGE_RESPONSE","Gm32802"
"287","GOBP_DNA_DAMAGE_RESPONSE","Gm9040"
"288","GOBP_DNA_DAMAGE_RESPONSE","Gm9044"
"289","GOBP_DNA_DAMAGE_RESPONSE","Gm9045"
"290","GOBP_DNA_DAMAGE_RESPONSE","Gm9046"
"291","GOBP_DNA_DAMAGE_RESPONSE","Gm9048"
"292","GOBP_DNA_DAMAGE_RESPONSE","Gm9049"
"293","GOBP_DNA_DAMAGE_RESPONSE","Gnl1"
"294","GOBP_DNA_DAMAGE_RESPONSE","Grb2"
"295","GOBP_DNA_DAMAGE_RESPONSE","Gtf2h1"
"296","GOBP_DNA_DAMAGE_RESPONSE","Gtf2h2"
"297","GOBP_DNA_DAMAGE_RESPONSE","Gtf2h3"
"298","GOBP_DNA_DAMAGE_RESPONSE","Gtf2h4"
"299","GOBP_DNA_DAMAGE_RESPONSE","Gtf2h5"
"300","GOBP_DNA_DAMAGE_RESPONSE","H2ac25"
"301","GOBP_DNA_DAMAGE_RESPONSE","H2ax"
"302","GOBP_DNA_DAMAGE_RESPONSE","Hdac10"
"303","GOBP_DNA_DAMAGE_RESPONSE","Hdac3"
"304","GOBP_DNA_DAMAGE_RESPONSE","Hdac9"
"305","GOBP_DNA_DAMAGE_RESPONSE","Hdgfl2"
"306","GOBP_DNA_DAMAGE_RESPONSE","Helb"
"307","GOBP_DNA_DAMAGE_RESPONSE","Helq"
"308","GOBP_DNA_DAMAGE_RESPONSE","Herc2"
"309","GOBP_DNA_DAMAGE_RESPONSE","Hic1"
"310","GOBP_DNA_DAMAGE_RESPONSE","Hinfp"
"311","GOBP_DNA_DAMAGE_RESPONSE","Hipk1"
"312","GOBP_DNA_DAMAGE_RESPONSE","Hipk2"
"313","GOBP_DNA_DAMAGE_RESPONSE","Hltf"
"314","GOBP_DNA_DAMAGE_RESPONSE","Hmces"
"315","GOBP_DNA_DAMAGE_RESPONSE","Hmga1"
"316","GOBP_DNA_DAMAGE_RESPONSE","Hmga1b"
"317","GOBP_DNA_DAMAGE_RESPONSE","Hmga2"
"318","GOBP_DNA_DAMAGE_RESPONSE","Hmgb1"
"319","GOBP_DNA_DAMAGE_RESPONSE","Hmgn1"
"320","GOBP_DNA_DAMAGE_RESPONSE","Hmox1"
"321","GOBP_DNA_DAMAGE_RESPONSE","Hnrnpk"
"322","GOBP_DNA_DAMAGE_RESPONSE","Hpf1"
"323","GOBP_DNA_DAMAGE_RESPONSE","Hrob"
"324","GOBP_DNA_DAMAGE_RESPONSE","Hsf1"
"325","GOBP_DNA_DAMAGE_RESPONSE","Hsf2bp"
"326","GOBP_DNA_DAMAGE_RESPONSE","Hspa1a"
"327","GOBP_DNA_DAMAGE_RESPONSE","Htra2"
"328","GOBP_DNA_DAMAGE_RESPONSE","Hus1"
"329","GOBP_DNA_DAMAGE_RESPONSE","Hus1b"
"330","GOBP_DNA_DAMAGE_RESPONSE","Huwe1"
"331","GOBP_DNA_DAMAGE_RESPONSE","Ier3"
"332","GOBP_DNA_DAMAGE_RESPONSE","Iffo1"
"333","GOBP_DNA_DAMAGE_RESPONSE","Ifi204"
"334","GOBP_DNA_DAMAGE_RESPONSE","Ikbke"
"335","GOBP_DNA_DAMAGE_RESPONSE","Ikbkg"
"336","GOBP_DNA_DAMAGE_RESPONSE","Immp2l"
"337","GOBP_DNA_DAMAGE_RESPONSE","Ing3"
"338","GOBP_DNA_DAMAGE_RESPONSE","Ing4"
"339","GOBP_DNA_DAMAGE_RESPONSE","Inip"
"340","GOBP_DNA_DAMAGE_RESPONSE","Ino80"
"341","GOBP_DNA_DAMAGE_RESPONSE","Ino80b"
"342","GOBP_DNA_DAMAGE_RESPONSE","Ino80c"
"343","GOBP_DNA_DAMAGE_RESPONSE","Ino80d"
"344","GOBP_DNA_DAMAGE_RESPONSE","Ino80e"
"345","GOBP_DNA_DAMAGE_RESPONSE","Ints3"
"346","GOBP_DNA_DAMAGE_RESPONSE","Ints7"
"347","GOBP_DNA_DAMAGE_RESPONSE","Jmy"
"348","GOBP_DNA_DAMAGE_RESPONSE","Kash5"
"349","GOBP_DNA_DAMAGE_RESPONSE","Kat2a"
"350","GOBP_DNA_DAMAGE_RESPONSE","Kat2b"
"351","GOBP_DNA_DAMAGE_RESPONSE","Kat5"
"352","GOBP_DNA_DAMAGE_RESPONSE","Kat7"
"353","GOBP_DNA_DAMAGE_RESPONSE","Kdm1a"
"354","GOBP_DNA_DAMAGE_RESPONSE","Kdm2a"
"355","GOBP_DNA_DAMAGE_RESPONSE","Kdm4d"
"356","GOBP_DNA_DAMAGE_RESPONSE","Khdc3"
"357","GOBP_DNA_DAMAGE_RESPONSE","Kif22"
"358","GOBP_DNA_DAMAGE_RESPONSE","Kin"
"359","GOBP_DNA_DAMAGE_RESPONSE","Klhl15"
"360","GOBP_DNA_DAMAGE_RESPONSE","Kmt5a"
"361","GOBP_DNA_DAMAGE_RESPONSE","Kmt5b"
"362","GOBP_DNA_DAMAGE_RESPONSE","Kmt5c"
"363","GOBP_DNA_DAMAGE_RESPONSE","Lig1"
"364","GOBP_DNA_DAMAGE_RESPONSE","Lig3"
"365","GOBP_DNA_DAMAGE_RESPONSE","Lig4"
"366","GOBP_DNA_DAMAGE_RESPONSE","Lyn"
"367","GOBP_DNA_DAMAGE_RESPONSE","Macrod1"
"368","GOBP_DNA_DAMAGE_RESPONSE","Macrod2"
"369","GOBP_DNA_DAMAGE_RESPONSE","Macroh2a1"
"370","GOBP_DNA_DAMAGE_RESPONSE","Mad2l2"
"371","GOBP_DNA_DAMAGE_RESPONSE","Mael"
"372","GOBP_DNA_DAMAGE_RESPONSE","Majin"
"373","GOBP_DNA_DAMAGE_RESPONSE","Map3k20"
"374","GOBP_DNA_DAMAGE_RESPONSE","Mapk1"
"375","GOBP_DNA_DAMAGE_RESPONSE","Mapk14"
"376","GOBP_DNA_DAMAGE_RESPONSE","Mapk15"
"377","GOBP_DNA_DAMAGE_RESPONSE","Mapk3"
"378","GOBP_DNA_DAMAGE_RESPONSE","Mapkapk2"
"379","GOBP_DNA_DAMAGE_RESPONSE","Mapt"
"380","GOBP_DNA_DAMAGE_RESPONSE","Marchf7"
"381","GOBP_DNA_DAMAGE_RESPONSE","Marf1"
"382","GOBP_DNA_DAMAGE_RESPONSE","Mbd4"
"383","GOBP_DNA_DAMAGE_RESPONSE","Mbtd1"
"384","GOBP_DNA_DAMAGE_RESPONSE","Mbtps1"
"385","GOBP_DNA_DAMAGE_RESPONSE","Mbtps2"
"386","GOBP_DNA_DAMAGE_RESPONSE","Mc1r"
"387","GOBP_DNA_DAMAGE_RESPONSE","Mcl1"
"388","GOBP_DNA_DAMAGE_RESPONSE","Mcm10"
"389","GOBP_DNA_DAMAGE_RESPONSE","Mcm2"
"390","GOBP_DNA_DAMAGE_RESPONSE","Mcm3"
"391","GOBP_DNA_DAMAGE_RESPONSE","Mcm4"
"392","GOBP_DNA_DAMAGE_RESPONSE","Mcm5"
"393","GOBP_DNA_DAMAGE_RESPONSE","Mcm6"
"394","GOBP_DNA_DAMAGE_RESPONSE","Mcm7"
"395","GOBP_DNA_DAMAGE_RESPONSE","Mcm8"
"396","GOBP_DNA_DAMAGE_RESPONSE","Mcm9"
"397","GOBP_DNA_DAMAGE_RESPONSE","Mcmdc2"
"398","GOBP_DNA_DAMAGE_RESPONSE","Mcrs1"
"399","GOBP_DNA_DAMAGE_RESPONSE","Mcts1"
"400","GOBP_DNA_DAMAGE_RESPONSE","Mdc1"
"401","GOBP_DNA_DAMAGE_RESPONSE","Mdm2"
"402","GOBP_DNA_DAMAGE_RESPONSE","Meaf6"
"403","GOBP_DNA_DAMAGE_RESPONSE","Meiob"
"404","GOBP_DNA_DAMAGE_RESPONSE","Meioc"
"405","GOBP_DNA_DAMAGE_RESPONSE","Men1"
"406","GOBP_DNA_DAMAGE_RESPONSE","Mettl3"
"407","GOBP_DNA_DAMAGE_RESPONSE","Mgme1"
"408","GOBP_DNA_DAMAGE_RESPONSE","Mgmt"
"409","GOBP_DNA_DAMAGE_RESPONSE","Mif"
"410","GOBP_DNA_DAMAGE_RESPONSE","Mlh1"
"411","GOBP_DNA_DAMAGE_RESPONSE","Mlh3"
"412","GOBP_DNA_DAMAGE_RESPONSE","Mlst8"
"413","GOBP_DNA_DAMAGE_RESPONSE","Mms19"
"414","GOBP_DNA_DAMAGE_RESPONSE","Mms22l"
"415","GOBP_DNA_DAMAGE_RESPONSE","Mnat1"
"416","GOBP_DNA_DAMAGE_RESPONSE","Moap1"
"417","GOBP_DNA_DAMAGE_RESPONSE","Morc2a"
"418","GOBP_DNA_DAMAGE_RESPONSE","Morc2b"
"419","GOBP_DNA_DAMAGE_RESPONSE","Morf4l1"
"420","GOBP_DNA_DAMAGE_RESPONSE","Morf4l2"
"421","GOBP_DNA_DAMAGE_RESPONSE","Mpg"
"422","GOBP_DNA_DAMAGE_RESPONSE","Mpnd"
"423","GOBP_DNA_DAMAGE_RESPONSE","Mre11a"
"424","GOBP_DNA_DAMAGE_RESPONSE","Mrgbp"
"425","GOBP_DNA_DAMAGE_RESPONSE","Mrnip"
"426","GOBP_DNA_DAMAGE_RESPONSE","Msh2"
"427","GOBP_DNA_DAMAGE_RESPONSE","Msh3"
"428","GOBP_DNA_DAMAGE_RESPONSE","Msh4"
"429","GOBP_DNA_DAMAGE_RESPONSE","Msh5"
"430","GOBP_DNA_DAMAGE_RESPONSE","Msh6"
"431","GOBP_DNA_DAMAGE_RESPONSE","Mta1"
"432","GOBP_DNA_DAMAGE_RESPONSE","Mtch2"
"433","GOBP_DNA_DAMAGE_RESPONSE","Mtor"
"434","GOBP_DNA_DAMAGE_RESPONSE","Mtrex"
"435","GOBP_DNA_DAMAGE_RESPONSE","Muc1"
"436","GOBP_DNA_DAMAGE_RESPONSE","Mus81"
"437","GOBP_DNA_DAMAGE_RESPONSE","Mutyh"
"438","GOBP_DNA_DAMAGE_RESPONSE","Myc"
"439","GOBP_DNA_DAMAGE_RESPONSE","Myo6"
"440","GOBP_DNA_DAMAGE_RESPONSE","Nabp1"
"441","GOBP_DNA_DAMAGE_RESPONSE","Nabp2"
"442","GOBP_DNA_DAMAGE_RESPONSE","Nacc2"
"443","GOBP_DNA_DAMAGE_RESPONSE","Nae1"
"444","GOBP_DNA_DAMAGE_RESPONSE","Nbn"
"445","GOBP_DNA_DAMAGE_RESPONSE","Ncoa6"
"446","GOBP_DNA_DAMAGE_RESPONSE","Neil1"
"447","GOBP_DNA_DAMAGE_RESPONSE","Neil2"
"448","GOBP_DNA_DAMAGE_RESPONSE","Neil3"
"449","GOBP_DNA_DAMAGE_RESPONSE","Nek1"
"450","GOBP_DNA_DAMAGE_RESPONSE","Nek11"
"451","GOBP_DNA_DAMAGE_RESPONSE","Nek4"
"452","GOBP_DNA_DAMAGE_RESPONSE","Nfat5"
"453","GOBP_DNA_DAMAGE_RESPONSE","Nfatc2"
"454","GOBP_DNA_DAMAGE_RESPONSE","Nfatc4"
"455","GOBP_DNA_DAMAGE_RESPONSE","Nfrkb"
"456","GOBP_DNA_DAMAGE_RESPONSE","Nhej1"
"457","GOBP_DNA_DAMAGE_RESPONSE","Nipbl"
"458","GOBP_DNA_DAMAGE_RESPONSE","Nkx3-1"
"459","GOBP_DNA_DAMAGE_RESPONSE","Nono"
"460","GOBP_DNA_DAMAGE_RESPONSE","Nop53"
"461","GOBP_DNA_DAMAGE_RESPONSE","Npas2"
"462","GOBP_DNA_DAMAGE_RESPONSE","Npm1"
"463","GOBP_DNA_DAMAGE_RESPONSE","Nrde2"
"464","GOBP_DNA_DAMAGE_RESPONSE","Nscme3l"
"465","GOBP_DNA_DAMAGE_RESPONSE","Nsd2"
"466","GOBP_DNA_DAMAGE_RESPONSE","Nsmce1"
"467","GOBP_DNA_DAMAGE_RESPONSE","Nsmce2"
"468","GOBP_DNA_DAMAGE_RESPONSE","Nsmce3"
"469","GOBP_DNA_DAMAGE_RESPONSE","Nsmce4a"
"470","GOBP_DNA_DAMAGE_RESPONSE","Nthl1"
"471","GOBP_DNA_DAMAGE_RESPONSE","Nuak1"
"472","GOBP_DNA_DAMAGE_RESPONSE","Nucks1"
"473","GOBP_DNA_DAMAGE_RESPONSE","Nudt16l1"
"474","GOBP_DNA_DAMAGE_RESPONSE","Nuggc"
"475","GOBP_DNA_DAMAGE_RESPONSE","Nupr1"
"476","GOBP_DNA_DAMAGE_RESPONSE","Nupr1l"
"477","GOBP_DNA_DAMAGE_RESPONSE","Oard1"
"478","GOBP_DNA_DAMAGE_RESPONSE","Ogg1"
"479","GOBP_DNA_DAMAGE_RESPONSE","Ooep"
"480","GOBP_DNA_DAMAGE_RESPONSE","Otub1"
"481","GOBP_DNA_DAMAGE_RESPONSE","Otub2"
"482","GOBP_DNA_DAMAGE_RESPONSE","Pagr1a"
"483","GOBP_DNA_DAMAGE_RESPONSE","Pak1"
"484","GOBP_DNA_DAMAGE_RESPONSE","Palb2"
"485","GOBP_DNA_DAMAGE_RESPONSE","Parg"
"486","GOBP_DNA_DAMAGE_RESPONSE","Park7"
"487","GOBP_DNA_DAMAGE_RESPONSE","Parp1"
"488","GOBP_DNA_DAMAGE_RESPONSE","Parp10"
"489","GOBP_DNA_DAMAGE_RESPONSE","Parp2"
"490","GOBP_DNA_DAMAGE_RESPONSE","Parp3"
"491","GOBP_DNA_DAMAGE_RESPONSE","Parp9"
"492","GOBP_DNA_DAMAGE_RESPONSE","Parpbp"
"493","GOBP_DNA_DAMAGE_RESPONSE","Paxip1"
"494","GOBP_DNA_DAMAGE_RESPONSE","Paxx"
"495","GOBP_DNA_DAMAGE_RESPONSE","Pbrm1"
"496","GOBP_DNA_DAMAGE_RESPONSE","Pcbp4"
"497","GOBP_DNA_DAMAGE_RESPONSE","Pclaf"
"498","GOBP_DNA_DAMAGE_RESPONSE","Pcna"
"499","GOBP_DNA_DAMAGE_RESPONSE","Pds5a"
"500","GOBP_DNA_DAMAGE_RESPONSE","Pds5b"
"501","GOBP_DNA_DAMAGE_RESPONSE","Phf1"
"502","GOBP_DNA_DAMAGE_RESPONSE","Phf10"
"503","GOBP_DNA_DAMAGE_RESPONSE","Phlda3"
"504","GOBP_DNA_DAMAGE_RESPONSE","Pias4"
"505","GOBP_DNA_DAMAGE_RESPONSE","Pidd1"
"506","GOBP_DNA_DAMAGE_RESPONSE","Pierce1"
"507","GOBP_DNA_DAMAGE_RESPONSE","Pif1"
"508","GOBP_DNA_DAMAGE_RESPONSE","Pik3r1"
"509","GOBP_DNA_DAMAGE_RESPONSE","Pla2r1"
"510","GOBP_DNA_DAMAGE_RESPONSE","Plk1"
"511","GOBP_DNA_DAMAGE_RESPONSE","Plk3"
"512","GOBP_DNA_DAMAGE_RESPONSE","Plk5"
"513","GOBP_DNA_DAMAGE_RESPONSE","Plscr1"
"514","GOBP_DNA_DAMAGE_RESPONSE","Pmaip1"
"515","GOBP_DNA_DAMAGE_RESPONSE","Pml"
"516","GOBP_DNA_DAMAGE_RESPONSE","Pms1"
"517","GOBP_DNA_DAMAGE_RESPONSE","Pms2"
"518","GOBP_DNA_DAMAGE_RESPONSE","Pnkp"
"519","GOBP_DNA_DAMAGE_RESPONSE","Pnp"
"520","GOBP_DNA_DAMAGE_RESPONSE","Pogz"
"521","GOBP_DNA_DAMAGE_RESPONSE","Pola1"
"522","GOBP_DNA_DAMAGE_RESPONSE","Polb"
"523","GOBP_DNA_DAMAGE_RESPONSE","Pold1"
"524","GOBP_DNA_DAMAGE_RESPONSE","Pold2"
"525","GOBP_DNA_DAMAGE_RESPONSE","Pold3"
"526","GOBP_DNA_DAMAGE_RESPONSE","Pold4"
"527","GOBP_DNA_DAMAGE_RESPONSE","Poldip2"
"528","GOBP_DNA_DAMAGE_RESPONSE","Pole"
"529","GOBP_DNA_DAMAGE_RESPONSE","Pole2"
"530","GOBP_DNA_DAMAGE_RESPONSE","Pole3"
"531","GOBP_DNA_DAMAGE_RESPONSE","Polg2"
"532","GOBP_DNA_DAMAGE_RESPONSE","Polh"
"533","GOBP_DNA_DAMAGE_RESPONSE","Poli"
"534","GOBP_DNA_DAMAGE_RESPONSE","Polk"
"535","GOBP_DNA_DAMAGE_RESPONSE","Poll"
"536","GOBP_DNA_DAMAGE_RESPONSE","Polm"
"537","GOBP_DNA_DAMAGE_RESPONSE","Poln"
"538","GOBP_DNA_DAMAGE_RESPONSE","Polq"
"539","GOBP_DNA_DAMAGE_RESPONSE","Polr2i"
"540","GOBP_DNA_DAMAGE_RESPONSE","Pot1a"
"541","GOBP_DNA_DAMAGE_RESPONSE","Pot1b"
"542","GOBP_DNA_DAMAGE_RESPONSE","Ppm1d"
"543","GOBP_DNA_DAMAGE_RESPONSE","Ppp1r10"
"544","GOBP_DNA_DAMAGE_RESPONSE","Ppp2r5c"
"545","GOBP_DNA_DAMAGE_RESPONSE","Ppp4c"
"546","GOBP_DNA_DAMAGE_RESPONSE","Ppp4r2"
"547","GOBP_DNA_DAMAGE_RESPONSE","Ppp4r3a"
"548","GOBP_DNA_DAMAGE_RESPONSE","Ppp4r3b"
"549","GOBP_DNA_DAMAGE_RESPONSE","Prap1"
"550","GOBP_DNA_DAMAGE_RESPONSE","Prdm9"
"551","GOBP_DNA_DAMAGE_RESPONSE","Primpol"
"552","GOBP_DNA_DAMAGE_RESPONSE","Prkcd"
"553","GOBP_DNA_DAMAGE_RESPONSE","Prkcg"
"554","GOBP_DNA_DAMAGE_RESPONSE","Prkdc"
"555","GOBP_DNA_DAMAGE_RESPONSE","Prmt6"
"556","GOBP_DNA_DAMAGE_RESPONSE","Prpf19"
"557","GOBP_DNA_DAMAGE_RESPONSE","Psen1"
"558","GOBP_DNA_DAMAGE_RESPONSE","Psmd10"
"559","GOBP_DNA_DAMAGE_RESPONSE","Psmd14"
"560","GOBP_DNA_DAMAGE_RESPONSE","Psme4"
"561","GOBP_DNA_DAMAGE_RESPONSE","Ptpn11"
"562","GOBP_DNA_DAMAGE_RESPONSE","Ptprv"
"563","GOBP_DNA_DAMAGE_RESPONSE","Pttg1"
"564","GOBP_DNA_DAMAGE_RESPONSE","Pttg1ip"
"565","GOBP_DNA_DAMAGE_RESPONSE","Pwwp3a"
"566","GOBP_DNA_DAMAGE_RESPONSE","Pycard"
"567","GOBP_DNA_DAMAGE_RESPONSE","Rad1"
"568","GOBP_DNA_DAMAGE_RESPONSE","Rad17"
"569","GOBP_DNA_DAMAGE_RESPONSE","Rad18"
"570","GOBP_DNA_DAMAGE_RESPONSE","Rad21"
"571","GOBP_DNA_DAMAGE_RESPONSE","Rad21l"
"572","GOBP_DNA_DAMAGE_RESPONSE","Rad23a"
"573","GOBP_DNA_DAMAGE_RESPONSE","Rad23b"
"574","GOBP_DNA_DAMAGE_RESPONSE","Rad50"
"575","GOBP_DNA_DAMAGE_RESPONSE","Rad51"
"576","GOBP_DNA_DAMAGE_RESPONSE","Rad51ap1"
"577","GOBP_DNA_DAMAGE_RESPONSE","Rad51b"
"578","GOBP_DNA_DAMAGE_RESPONSE","Rad51c"
"579","GOBP_DNA_DAMAGE_RESPONSE","Rad51d"
"580","GOBP_DNA_DAMAGE_RESPONSE","Rad52"
"581","GOBP_DNA_DAMAGE_RESPONSE","Rad54b"
"582","GOBP_DNA_DAMAGE_RESPONSE","Rad54l"
"583","GOBP_DNA_DAMAGE_RESPONSE","Rad9a"
"584","GOBP_DNA_DAMAGE_RESPONSE","Rad9b"
"585","GOBP_DNA_DAMAGE_RESPONSE","Radx"
"586","GOBP_DNA_DAMAGE_RESPONSE","Rassf1"
"587","GOBP_DNA_DAMAGE_RESPONSE","Rbbp5"
"588","GOBP_DNA_DAMAGE_RESPONSE","Rbbp6"
"589","GOBP_DNA_DAMAGE_RESPONSE","Rbbp8"
"590","GOBP_DNA_DAMAGE_RESPONSE","Rbm24"
"591","GOBP_DNA_DAMAGE_RESPONSE","Rbm38"
"592","GOBP_DNA_DAMAGE_RESPONSE","Rbx1"
"593","GOBP_DNA_DAMAGE_RESPONSE","Rbx1-ps"
"594","GOBP_DNA_DAMAGE_RESPONSE","Rec8"
"595","GOBP_DNA_DAMAGE_RESPONSE","Recql"
"596","GOBP_DNA_DAMAGE_RESPONSE","Recql4"
"597","GOBP_DNA_DAMAGE_RESPONSE","Recql5"
"598","GOBP_DNA_DAMAGE_RESPONSE","Rev1"
"599","GOBP_DNA_DAMAGE_RESPONSE","Rev3l"
"600","GOBP_DNA_DAMAGE_RESPONSE","Rexo4"
"601","GOBP_DNA_DAMAGE_RESPONSE","Rfc1"
"602","GOBP_DNA_DAMAGE_RESPONSE","Rfc2"
"603","GOBP_DNA_DAMAGE_RESPONSE","Rfc3"
"604","GOBP_DNA_DAMAGE_RESPONSE","Rfc4"
"605","GOBP_DNA_DAMAGE_RESPONSE","Rfc5"
"606","GOBP_DNA_DAMAGE_RESPONSE","Rfwd3"
"607","GOBP_DNA_DAMAGE_RESPONSE","Rhno1"
"608","GOBP_DNA_DAMAGE_RESPONSE","Rif1"
"609","GOBP_DNA_DAMAGE_RESPONSE","Rint1"
"610","GOBP_DNA_DAMAGE_RESPONSE","Rmi1"
"611","GOBP_DNA_DAMAGE_RESPONSE","Rmi2"
"612","GOBP_DNA_DAMAGE_RESPONSE","Rnaseh2a"
"613","GOBP_DNA_DAMAGE_RESPONSE","Rnaseh2b"
"614","GOBP_DNA_DAMAGE_RESPONSE","Rnaseh2c"
"615","GOBP_DNA_DAMAGE_RESPONSE","Rnf111"
"616","GOBP_DNA_DAMAGE_RESPONSE","Rnf138"
"617","GOBP_DNA_DAMAGE_RESPONSE","Rnf138rt1"
"618","GOBP_DNA_DAMAGE_RESPONSE","Rnf168"
"619","GOBP_DNA_DAMAGE_RESPONSE","Rnf169"
"620","GOBP_DNA_DAMAGE_RESPONSE","Rnf8"
"621","GOBP_DNA_DAMAGE_RESPONSE","Rpa1"
"622","GOBP_DNA_DAMAGE_RESPONSE","Rpa2"
"623","GOBP_DNA_DAMAGE_RESPONSE","Rpa3"
"624","GOBP_DNA_DAMAGE_RESPONSE","Rpain"
"625","GOBP_DNA_DAMAGE_RESPONSE","Rpl26"
"626","GOBP_DNA_DAMAGE_RESPONSE","Rps27l"
"627","GOBP_DNA_DAMAGE_RESPONSE","Rps3"
"628","GOBP_DNA_DAMAGE_RESPONSE","Rps6ka6"
"629","GOBP_DNA_DAMAGE_RESPONSE","Rptor"
"630","GOBP_DNA_DAMAGE_RESPONSE","Rrm1"
"631","GOBP_DNA_DAMAGE_RESPONSE","Rrm2b"
"632","GOBP_DNA_DAMAGE_RESPONSE","Rtel1"
"633","GOBP_DNA_DAMAGE_RESPONSE","Ruvbl1"
"634","GOBP_DNA_DAMAGE_RESPONSE","Ruvbl2"
"635","GOBP_DNA_DAMAGE_RESPONSE","Samhd1"
"636","GOBP_DNA_DAMAGE_RESPONSE","Sde2"
"637","GOBP_DNA_DAMAGE_RESPONSE","Sem1"
"638","GOBP_DNA_DAMAGE_RESPONSE","Senp3"
"639","GOBP_DNA_DAMAGE_RESPONSE","Sesn2"
"640","GOBP_DNA_DAMAGE_RESPONSE","Setd1a"
"641","GOBP_DNA_DAMAGE_RESPONSE","Setd2"
"642","GOBP_DNA_DAMAGE_RESPONSE","Setd7"
"643","GOBP_DNA_DAMAGE_RESPONSE","Setmar"
"644","GOBP_DNA_DAMAGE_RESPONSE","Setx"
"645","GOBP_DNA_DAMAGE_RESPONSE","Sf3b3"
"646","GOBP_DNA_DAMAGE_RESPONSE","Sf3b5"
"647","GOBP_DNA_DAMAGE_RESPONSE","Sfn"
"648","GOBP_DNA_DAMAGE_RESPONSE","Sfpq"
"649","GOBP_DNA_DAMAGE_RESPONSE","Sfr1"
"650","GOBP_DNA_DAMAGE_RESPONSE","Sgf29"
"651","GOBP_DNA_DAMAGE_RESPONSE","Sgk1"
"652","GOBP_DNA_DAMAGE_RESPONSE","Shisa5"
"653","GOBP_DNA_DAMAGE_RESPONSE","Shld1"
"654","GOBP_DNA_DAMAGE_RESPONSE","Shld2"
"655","GOBP_DNA_DAMAGE_RESPONSE","Shld3"
"656","GOBP_DNA_DAMAGE_RESPONSE","Shprh"
"657","GOBP_DNA_DAMAGE_RESPONSE","Sirt1"
"658","GOBP_DNA_DAMAGE_RESPONSE","Sirt4"
"659","GOBP_DNA_DAMAGE_RESPONSE","Sirt6"
"660","GOBP_DNA_DAMAGE_RESPONSE","Sirt7"
"661","GOBP_DNA_DAMAGE_RESPONSE","Skil"
"662","GOBP_DNA_DAMAGE_RESPONSE","Slf1"
"663","GOBP_DNA_DAMAGE_RESPONSE","Slf2"
"664","GOBP_DNA_DAMAGE_RESPONSE","Slx1b"
"665","GOBP_DNA_DAMAGE_RESPONSE","Slx4"
"666","GOBP_DNA_DAMAGE_RESPONSE","Smarca2"
"667","GOBP_DNA_DAMAGE_RESPONSE","Smarca4"
"668","GOBP_DNA_DAMAGE_RESPONSE","Smarca5"
"669","GOBP_DNA_DAMAGE_RESPONSE","Smarcad1"
"670","GOBP_DNA_DAMAGE_RESPONSE","Smarcal1"
"671","GOBP_DNA_DAMAGE_RESPONSE","Smarcb1"
"672","GOBP_DNA_DAMAGE_RESPONSE","Smarcc1"
"673","GOBP_DNA_DAMAGE_RESPONSE","Smarcc2"
"674","GOBP_DNA_DAMAGE_RESPONSE","Smarcd1"
"675","GOBP_DNA_DAMAGE_RESPONSE","Smarcd2"
"676","GOBP_DNA_DAMAGE_RESPONSE","Smarcd3"
"677","GOBP_DNA_DAMAGE_RESPONSE","Smarce1"
"678","GOBP_DNA_DAMAGE_RESPONSE","Smc1a"
"679","GOBP_DNA_DAMAGE_RESPONSE","Smc2"
"680","GOBP_DNA_DAMAGE_RESPONSE","Smc3"
"681","GOBP_DNA_DAMAGE_RESPONSE","Smc4"
"682","GOBP_DNA_DAMAGE_RESPONSE","Smc5"
"683","GOBP_DNA_DAMAGE_RESPONSE","Smc6"
"684","GOBP_DNA_DAMAGE_RESPONSE","Smchd1"
"685","GOBP_DNA_DAMAGE_RESPONSE","Smg1"
"686","GOBP_DNA_DAMAGE_RESPONSE","Smug1"
"687","GOBP_DNA_DAMAGE_RESPONSE","Smyd2"
"688","GOBP_DNA_DAMAGE_RESPONSE","Snai1"
"689","GOBP_DNA_DAMAGE_RESPONSE","Snai2"
"690","GOBP_DNA_DAMAGE_RESPONSE","Snw1"
"691","GOBP_DNA_DAMAGE_RESPONSE","Sod2"
"692","GOBP_DNA_DAMAGE_RESPONSE","Sox4"
"693","GOBP_DNA_DAMAGE_RESPONSE","Sp100"
"694","GOBP_DNA_DAMAGE_RESPONSE","Spata18"
"695","GOBP_DNA_DAMAGE_RESPONSE","Spata22"
"696","GOBP_DNA_DAMAGE_RESPONSE","Spdya"
"697","GOBP_DNA_DAMAGE_RESPONSE","Spidr"
"698","GOBP_DNA_DAMAGE_RESPONSE","Spindoc"
"699","GOBP_DNA_DAMAGE_RESPONSE","Spire1"
"700","GOBP_DNA_DAMAGE_RESPONSE","Spire2"
"701","GOBP_DNA_DAMAGE_RESPONSE","Spo11"
"702","GOBP_DNA_DAMAGE_RESPONSE","Spred1"
"703","GOBP_DNA_DAMAGE_RESPONSE","Spred2"
"704","GOBP_DNA_DAMAGE_RESPONSE","Sprtn"
"705","GOBP_DNA_DAMAGE_RESPONSE","Ssrp1"
"706","GOBP_DNA_DAMAGE_RESPONSE","Steap3"
"707","GOBP_DNA_DAMAGE_RESPONSE","Stk11"
"708","GOBP_DNA_DAMAGE_RESPONSE","Stk33"
"709","GOBP_DNA_DAMAGE_RESPONSE","Stub1"
"710","GOBP_DNA_DAMAGE_RESPONSE","Stxbp4"
"711","GOBP_DNA_DAMAGE_RESPONSE","Supt16"
"712","GOBP_DNA_DAMAGE_RESPONSE","Supt20"
"713","GOBP_DNA_DAMAGE_RESPONSE","Supt3"
"714","GOBP_DNA_DAMAGE_RESPONSE","Supt7l"
"715","GOBP_DNA_DAMAGE_RESPONSE","Susd6"
"716","GOBP_DNA_DAMAGE_RESPONSE","Suv39h1"
"717","GOBP_DNA_DAMAGE_RESPONSE","Swi5"
"718","GOBP_DNA_DAMAGE_RESPONSE","Swsap1"
"719","GOBP_DNA_DAMAGE_RESPONSE","Sycp1"
"720","GOBP_DNA_DAMAGE_RESPONSE","Sycp3"
"721","GOBP_DNA_DAMAGE_RESPONSE","Syf2"
"722","GOBP_DNA_DAMAGE_RESPONSE","Tada1"
"723","GOBP_DNA_DAMAGE_RESPONSE","Tada2b"
"724","GOBP_DNA_DAMAGE_RESPONSE","Tada3"
"725","GOBP_DNA_DAMAGE_RESPONSE","Taf10"
"726","GOBP_DNA_DAMAGE_RESPONSE","Taf12"
"727","GOBP_DNA_DAMAGE_RESPONSE","Taf2"
"728","GOBP_DNA_DAMAGE_RESPONSE","Taf4"
"729","GOBP_DNA_DAMAGE_RESPONSE","Taf5"
"730","GOBP_DNA_DAMAGE_RESPONSE","Taf5l"
"731","GOBP_DNA_DAMAGE_RESPONSE","Taf6"
"732","GOBP_DNA_DAMAGE_RESPONSE","Taf6l"
"733","GOBP_DNA_DAMAGE_RESPONSE","Taf7"
"734","GOBP_DNA_DAMAGE_RESPONSE","Taf9"
"735","GOBP_DNA_DAMAGE_RESPONSE","Tank"
"736","GOBP_DNA_DAMAGE_RESPONSE","Taok1"
"737","GOBP_DNA_DAMAGE_RESPONSE","Taok2"
"738","GOBP_DNA_DAMAGE_RESPONSE","Taok3"
"739","GOBP_DNA_DAMAGE_RESPONSE","Tdg"
"740","GOBP_DNA_DAMAGE_RESPONSE","Tdg-ps"
"741","GOBP_DNA_DAMAGE_RESPONSE","Tdp1"
"742","GOBP_DNA_DAMAGE_RESPONSE","Tdp2"
"743","GOBP_DNA_DAMAGE_RESPONSE","Terb1"
"744","GOBP_DNA_DAMAGE_RESPONSE","Terb2"
"745","GOBP_DNA_DAMAGE_RESPONSE","Terf2"
"746","GOBP_DNA_DAMAGE_RESPONSE","Terf2ip"
"747","GOBP_DNA_DAMAGE_RESPONSE","Tex12"
"748","GOBP_DNA_DAMAGE_RESPONSE","Tex15"
"749","GOBP_DNA_DAMAGE_RESPONSE","Tex264"
"750","GOBP_DNA_DAMAGE_RESPONSE","Tfap4"
"751","GOBP_DNA_DAMAGE_RESPONSE","Tfpt"
"752","GOBP_DNA_DAMAGE_RESPONSE","Thoc1"
"753","GOBP_DNA_DAMAGE_RESPONSE","Thoc5"
"754","GOBP_DNA_DAMAGE_RESPONSE","Ticrr"
"755","GOBP_DNA_DAMAGE_RESPONSE","Tigar"
"756","GOBP_DNA_DAMAGE_RESPONSE","Timeless"
"757","GOBP_DNA_DAMAGE_RESPONSE","Tipin"
"758","GOBP_DNA_DAMAGE_RESPONSE","Tiprl"
"759","GOBP_DNA_DAMAGE_RESPONSE","Tlk1"
"760","GOBP_DNA_DAMAGE_RESPONSE","Tlk2"
"761","GOBP_DNA_DAMAGE_RESPONSE","Tmem109"
"762","GOBP_DNA_DAMAGE_RESPONSE","Tmem161a"
"763","GOBP_DNA_DAMAGE_RESPONSE","Tnf"
"764","GOBP_DNA_DAMAGE_RESPONSE","Tnfrsf1a"
"765","GOBP_DNA_DAMAGE_RESPONSE","Tnfrsf1b"
"766","GOBP_DNA_DAMAGE_RESPONSE","Tnks1bp1"
"767","GOBP_DNA_DAMAGE_RESPONSE","Tnp1"
"768","GOBP_DNA_DAMAGE_RESPONSE","Tonsl"
"769","GOBP_DNA_DAMAGE_RESPONSE","Top2a"
"770","GOBP_DNA_DAMAGE_RESPONSE","Top3a"
"771","GOBP_DNA_DAMAGE_RESPONSE","Topbp1"
"772","GOBP_DNA_DAMAGE_RESPONSE","Topors"
"773","GOBP_DNA_DAMAGE_RESPONSE","Tpt1"
"774","GOBP_DNA_DAMAGE_RESPONSE","Traf6"
"775","GOBP_DNA_DAMAGE_RESPONSE","Traip"
"776","GOBP_DNA_DAMAGE_RESPONSE","Trex1"
"777","GOBP_DNA_DAMAGE_RESPONSE","Trex2"
"778","GOBP_DNA_DAMAGE_RESPONSE","Triap1"
"779","GOBP_DNA_DAMAGE_RESPONSE","Trim28"
"780","GOBP_DNA_DAMAGE_RESPONSE","Trim32"
"781","GOBP_DNA_DAMAGE_RESPONSE","Trim39"
"782","GOBP_DNA_DAMAGE_RESPONSE","Trip12"
"783","GOBP_DNA_DAMAGE_RESPONSE","Trip13"
"784","GOBP_DNA_DAMAGE_RESPONSE","Trp53"
"785","GOBP_DNA_DAMAGE_RESPONSE","Trp53bp1"
"786","GOBP_DNA_DAMAGE_RESPONSE","Trp63"
"787","GOBP_DNA_DAMAGE_RESPONSE","Trp73"
"788","GOBP_DNA_DAMAGE_RESPONSE","Trpc2"
"789","GOBP_DNA_DAMAGE_RESPONSE","Trrap"
"790","GOBP_DNA_DAMAGE_RESPONSE","Ttc5"
"791","GOBP_DNA_DAMAGE_RESPONSE","Ttf2"
"792","GOBP_DNA_DAMAGE_RESPONSE","Twist1"
"793","GOBP_DNA_DAMAGE_RESPONSE","Uaca"
"794","GOBP_DNA_DAMAGE_RESPONSE","Uba1"
"795","GOBP_DNA_DAMAGE_RESPONSE","Uba1y"
"796","GOBP_DNA_DAMAGE_RESPONSE","Uba7"
"797","GOBP_DNA_DAMAGE_RESPONSE","Ube2a"
"798","GOBP_DNA_DAMAGE_RESPONSE","Ube2b"
"799","GOBP_DNA_DAMAGE_RESPONSE","Ube2d3"
"800","GOBP_DNA_DAMAGE_RESPONSE","Ube2e2"
"801","GOBP_DNA_DAMAGE_RESPONSE","Ube2n"
"802","GOBP_DNA_DAMAGE_RESPONSE","Ube2t"
"803","GOBP_DNA_DAMAGE_RESPONSE","Ube2v1"
"804","GOBP_DNA_DAMAGE_RESPONSE","Ube2v2"
"805","GOBP_DNA_DAMAGE_RESPONSE","Ube2w"
"806","GOBP_DNA_DAMAGE_RESPONSE","Ubqln4"
"807","GOBP_DNA_DAMAGE_RESPONSE","Ubr5"
"808","GOBP_DNA_DAMAGE_RESPONSE","Uchl5"
"809","GOBP_DNA_DAMAGE_RESPONSE","Ufl1"
"810","GOBP_DNA_DAMAGE_RESPONSE","Uhrf1"
"811","GOBP_DNA_DAMAGE_RESPONSE","Uimc1"
"812","GOBP_DNA_DAMAGE_RESPONSE","Ung"
"813","GOBP_DNA_DAMAGE_RESPONSE","Upf1"
"814","GOBP_DNA_DAMAGE_RESPONSE","Usp1"
"815","GOBP_DNA_DAMAGE_RESPONSE","Usp10"
"816","GOBP_DNA_DAMAGE_RESPONSE","Usp16"
"817","GOBP_DNA_DAMAGE_RESPONSE","Usp22"
"818","GOBP_DNA_DAMAGE_RESPONSE","Usp28"
"819","GOBP_DNA_DAMAGE_RESPONSE","Usp3"
"820","GOBP_DNA_DAMAGE_RESPONSE","Usp45"
"821","GOBP_DNA_DAMAGE_RESPONSE","Usp47"
"822","GOBP_DNA_DAMAGE_RESPONSE","Usp51"
"823","GOBP_DNA_DAMAGE_RESPONSE","Usp7"
"824","GOBP_DNA_DAMAGE_RESPONSE","Uvrag"
"825","GOBP_DNA_DAMAGE_RESPONSE","Uvssa"
"826","GOBP_DNA_DAMAGE_RESPONSE","Vav3"
"827","GOBP_DNA_DAMAGE_RESPONSE","Vcp"
"828","GOBP_DNA_DAMAGE_RESPONSE","Vcpip1"
"829","GOBP_DNA_DAMAGE_RESPONSE","Vps72"
"830","GOBP_DNA_DAMAGE_RESPONSE","Vrk1"
"831","GOBP_DNA_DAMAGE_RESPONSE","Wac"
"832","GOBP_DNA_DAMAGE_RESPONSE","Was"
"833","GOBP_DNA_DAMAGE_RESPONSE","Wdhd1"
"834","GOBP_DNA_DAMAGE_RESPONSE","Wdr4"
"835","GOBP_DNA_DAMAGE_RESPONSE","Wdr48"
"836","GOBP_DNA_DAMAGE_RESPONSE","Wdr76"
"837","GOBP_DNA_DAMAGE_RESPONSE","Wnt1"
"838","GOBP_DNA_DAMAGE_RESPONSE","Wrap53"
"839","GOBP_DNA_DAMAGE_RESPONSE","Wrn"
"840","GOBP_DNA_DAMAGE_RESPONSE","Wrnip1"
"841","GOBP_DNA_DAMAGE_RESPONSE","Xab2"
"842","GOBP_DNA_DAMAGE_RESPONSE","Xpa"
"843","GOBP_DNA_DAMAGE_RESPONSE","Xpc"
"844","GOBP_DNA_DAMAGE_RESPONSE","Xrcc1"
"845","GOBP_DNA_DAMAGE_RESPONSE","Xrcc2"
"846","GOBP_DNA_DAMAGE_RESPONSE","Xrcc3"
"847","GOBP_DNA_DAMAGE_RESPONSE","Xrcc4"
"848","GOBP_DNA_DAMAGE_RESPONSE","Xrcc5"
"849","GOBP_DNA_DAMAGE_RESPONSE","Xrcc6"
"850","GOBP_DNA_DAMAGE_RESPONSE","Xrn2"
"851","GOBP_DNA_DAMAGE_RESPONSE","Yap1"
"852","GOBP_DNA_DAMAGE_RESPONSE","Yeats4"
"853","GOBP_DNA_DAMAGE_RESPONSE","Yy1"
"854","GOBP_DNA_DAMAGE_RESPONSE","Zbtb1"
"855","GOBP_DNA_DAMAGE_RESPONSE","Zbtb38"
"856","GOBP_DNA_DAMAGE_RESPONSE","Zbtb4"
"857","GOBP_DNA_DAMAGE_RESPONSE","Zbtb40"
"858","GOBP_DNA_DAMAGE_RESPONSE","Zbtb7a"
"859","GOBP_DNA_DAMAGE_RESPONSE","Zc3h12a"
"860","GOBP_DNA_DAMAGE_RESPONSE","Zcwpw1"
"861","GOBP_DNA_DAMAGE_RESPONSE","Zdhhc16"
"862","GOBP_DNA_DAMAGE_RESPONSE","Zfp365"
"863","GOBP_DNA_DAMAGE_RESPONSE","Zfp385a"
"864","GOBP_DNA_DAMAGE_RESPONSE","Zfp668"
"865","GOBP_DNA_DAMAGE_RESPONSE","Zfp830"
"866","GOBP_DNA_DAMAGE_RESPONSE","Zfyve26"
"867","GOBP_DNA_DAMAGE_RESPONSE","Zmat3"
"868","GOBP_DNA_DAMAGE_RESPONSE","Zmpste24"
"869","GOBP_DNA_DAMAGE_RESPONSE","Zmynd8"
"870","GOBP_DNA_DAMAGE_RESPONSE","Znhit1"
"871","GOBP_DNA_DAMAGE_RESPONSE","Zranb3"
"872","GOBP_DNA_DAMAGE_RESPONSE","Zswim7"
